Date,Version,Mode,Side,Season ID,Boss,Boss Icon,Member 1,Member 1 Icon,Member 2,Member 2 Icon,Member 3,Member 3 Icon,Member 4,Member 4 Icon,Score
08/25/2026,4.4,Anomaly Arbitration,Knight 1,8,Argenti,https://static.nanoka.cc/assets/hsr/monsterfigure/Monster_3024010.webp,Saber,https://stardb.gg/api/static/StarRailResWebp/icon/character/1014.webp,Gilgamesh,https://stardb.gg/api/static/StarRailResWebp/icon/character/1509.webp,MBlade,https://stardb.gg/api/static/StarRailResWebp/icon/character/1507.webp,Huohuo,https://stardb.gg/api/static/StarRailResWebp/icon/character/1217.webp,2
08/25/2026,4.4,Anomaly Arbitration,Knight 2,8,Svarog,https://static.nanoka.cc/assets/hsr/monsterfigure/Monster_1014010.webp,Archer,https://stardb.gg/api/static/StarRailResWebp/icon/character/1015.webp,Sparkle,https://stardb.gg/api/static/StarRailResWebp/icon/character/1306.webp,Rin Tohsaka,https://stardb.gg/api/static/StarRailResWebp/icon/character/1508.webp,DHPT,https://stardb.gg/api/static/StarRailResWebp/icon/character/1414.webp,2
08/25/2026,4.4,Anomaly Arbitration,Knight 3,8,Paramount Bliss Inverted: Illwish Archlotus,https://static.nanoka.cc/assets/hsr/monsterfigure/Monster_5024010.webp,Feixiao,https://stardb.gg/api/static/StarRailResWebp/icon/character/1220.webp,Aventurine,https://stardb.gg/api/static/StarRailResWebp/icon/character/1304.webp,Robin,https://stardb.gg/api/static/StarRailResWebp/icon/character/1309.webp,Ashveil,https://stardb.gg/api/static/StarRailResWebp/icon/character/1504.webp,1
08/25/2026,4.4,Anomaly Arbitration: King,,8,"Murata Graphia, Founding Artist",https://static.nanoka.cc/assets/hsr/monsterfigure/Monster_5014030.webp,Gilgamesh,https://stardb.gg/api/static/StarRailResWebp/icon/character/1509.webp,Ashveil,https://stardb.gg/api/static/StarRailResWebp/icon/character/1504.webp,MBlade,https://stardb.gg/api/static/StarRailResWebp/icon/character/1507.webp,DHPT,https://stardb.gg/api/static/StarRailResWebp/icon/character/1414.webp,0
08/17/2026,4.4,Memory of Chaos 4 Starward,Node 1,1034,Stellaron Hunter: Sam,https://static.nanoka.cc/assets/hsr/monsterfigure/Monster_3024020.webp,Archer,https://stardb.gg/api/static/StarRailResWebp/icon/character/1015.webp,Sparkle,https://stardb.gg/api/static/StarRailResWebp/icon/character/1306.webp,Rin Tohsaka,https://stardb.gg/api/static/StarRailResWebp/icon/character/1508.webp,Cipher,https://stardb.gg/api/static/StarRailResWebp/icon/character/1406.webp,0
08/17/2026,4.4,Memory of Chaos 4 Starward,Node 2,1034,Alloy Mechatron: King Pom-Pom,https://static.nanoka.cc/assets/hsr/monsterfigure/Monster_5014020.webp,Feixiao,https://stardb.gg/api/static/StarRailResWebp/icon/character/1220.webp,Ashveil,https://stardb.gg/api/static/StarRailResWebp/icon/character/1504.webp,Robin,https://stardb.gg/api/static/StarRailResWebp/icon/character/1309.webp,DHPT,https://stardb.gg/api/static/StarRailResWebp/icon/character/1414.webp,1
08/17/2026,4.4,Memory of Chaos 4 Starward,Node 3,1034,Harbinger of Death: Swarm Nightmare,https://static.nanoka.cc/assets/hsr/monsterfigure/Monster_3024030.webp,Saber,https://stardb.gg/api/static/StarRailResWebp/icon/character/1014.webp,Gilgamesh,https://stardb.gg/api/static/StarRailResWebp/icon/character/1509.webp,RMC,https://stardb.gg/api/static/StarRailResWebp/icon/character/8008.webp,MBlade,https://stardb.gg/api/static/StarRailResWebp/icon/character/1507.webp,0
08/03/2026,4.4,Pure Fiction 4 Starward,Node 1,2025,Gepard,https://static.nanoka.cc/assets/hsr/monsterfigure/Monster_1004020.webp,Saber,https://stardb.gg/api/static/StarRailResWebp/icon/character/1014.webp,Gilgamesh,https://stardb.gg/api/static/StarRailResWebp/icon/character/1509.webp,RMC,https://stardb.gg/api/static/StarRailResWebp/icon/character/8008.webp,Tingyun,https://stardb.gg/api/static/StarRailResWebp/icon/character/1202.webp,40000
08/03/2026,4.4,Pure Fiction 4 Starward,Node 2,2025,Alloy Mechatron: King Pom-Pom,https://static.nanoka.cc/assets/hsr/monsterfigure/Monster_5014020.webp,Herta,https://stardb.gg/api/static/StarRailResWebp/icon/character/1013.webp,Ashveil,https://stardb.gg/api/static/StarRailResWebp/icon/character/1504.webp,MBlade,https://stardb.gg/api/static/StarRailResWebp/icon/character/1507.webp,Robin,https://stardb.gg/api/static/StarRailResWebp/icon/character/1309.webp,40000
08/03/2026,4.4,Pure Fiction 4 Starward,Node 3,2025,Abundant Ebon Deer,https://static.nanoka.cc/assets/hsr/monsterfigure/Monster_2024010.webp,Archer,https://stardb.gg/api/static/StarRailResWebp/icon/character/1015.webp,Sparkle,https://stardb.gg/api/static/StarRailResWebp/icon/character/1306.webp,Rin Tohsaka,https://stardb.gg/api/static/StarRailResWebp/icon/character/1508.webp,DHPT,https://stardb.gg/api/static/StarRailResWebp/icon/character/1414.webp,40000
07/20/2026,4.4,Apocalyptic Shadow 4 Starward,Node 1,3019,Silver Knight of Virtuous Gallantry,https://static.nanoka.cc/assets/hsr/monsterfigure/Monster_3024010.webp,Feixiao,https://stardb.gg/api/static/StarRailResWebp/icon/character/1220.webp,Ashveil,https://stardb.gg/api/static/StarRailResWebp/icon/character/1504.webp,DHPT,https://stardb.gg/api/static/StarRailResWebp/icon/character/1414.webp,Sunday,https://stardb.gg/api/static/StarRailResWebp/icon/character/1313.webp,3690
07/20/2026,4.4,Apocalyptic Shadow 4 Starward,Node 2,3019,The Ravaged Unconquerable,https://static.nanoka.cc/assets/hsr/monsterfigure/Monster_4014010.webp,Archer,https://stardb.gg/api/static/StarRailResWebp/icon/character/1015.webp,Sparkle,https://stardb.gg/api/static/StarRailResWebp/icon/character/1306.webp,Robin,https://stardb.gg/api/static/StarRailResWebp/icon/character/1309.webp,Rin Tohsaka,https://stardb.gg/api/static/StarRailResWebp/icon/character/1508.webp,3831
07/20/2026,4.4,Apocalyptic Shadow 4 Starward,Node 3,3019,Blaznana Monkey Trick,https://static.nanoka.cc/assets/hsr/monsterfigure/Monster_3004020.webp,Saber,https://stardb.gg/api/static/StarRailResWebp/icon/character/1014.webp,Gilgamesh,https://stardb.gg/api/static/StarRailResWebp/icon/character/1509.webp,RMC,https://stardb.gg/api/static/StarRailResWebp/icon/character/8008.webp,MBlade,https://stardb.gg/api/static/StarRailResWebp/icon/character/1507.webp,3721
07/14/2026,4.3,Anomaly Arbitration,Knight 1,7,Elite Enemies,https://static.nanoka.cc/assets/hsr/monsterfigure/Monster_5023020.webp,Feixiao,https://stardb.gg/api/static/StarRailResWebp/icon/character/1220.webp,Robin,https://stardb.gg/api/static/StarRailResWebp/icon/character/1309.webp,Aventurine,https://stardb.gg/api/static/StarRailResWebp/icon/character/1304.webp,Cipher,https://stardb.gg/api/static/StarRailResWebp/icon/character/1406.webp,4
07/14/2026,4.3,Anomaly Arbitration,Knight 2,7,Alloy Mechatron: King Pom-Pom,https://static.nanoka.cc/assets/hsr/monsterfigure/Monster_5014020.webp,Ashveil,https://stardb.gg/api/static/StarRailResWebp/icon/character/1504.webp,Sunday,https://stardb.gg/api/static/StarRailResWebp/icon/character/1313.webp,MBlade,https://stardb.gg/api/static/StarRailResWebp/icon/character/1507.webp,Huohuo,https://stardb.gg/api/static/StarRailResWebp/icon/character/1217.webp,2
07/14/2026,4.3,Anomaly Arbitration,Knight 3,7,"The Giver, Master of Legions, Lance of Fury",https://static.nanoka.cc/assets/hsr/monsterfigure/Monster_4014020.webp,Archer,https://stardb.gg/api/static/StarRailResWebp/icon/character/1015.webp,Sparkle,https://stardb.gg/api/static/StarRailResWebp/icon/character/1306.webp,RMC,https://stardb.gg/api/static/StarRailResWebp/icon/character/8008.webp,DHPT,https://stardb.gg/api/static/StarRailResWebp/icon/character/1414.webp,3
07/14/2026,4.3,Anomaly Arbitration: King,,7,Starcrusher Swarm King: Skaracabaz (Synthetic),https://static.nanoka.cc/assets/hsr/monsterfigure/Monster_8025010.webp,Ashveil,https://stardb.gg/api/static/StarRailResWebp/icon/character/1504.webp,MBlade,https://stardb.gg/api/static/StarRailResWebp/icon/character/1507.webp,Sunday,https://stardb.gg/api/static/StarRailResWebp/icon/character/1313.webp,DHPT,https://stardb.gg/api/static/StarRailResWebp/icon/character/1414.webp,0
07/06/2026,4.3,Memory of Chaos 4 Starward,Node 1,1033,Flame Reaver of the Deepest Dark,https://static.nanoka.cc/assets/hsr/monsterfigure/Monster_4034010.webp,Archer,https://stardb.gg/api/static/StarRailResWebp/icon/character/1015.webp,Sparkle,https://stardb.gg/api/static/StarRailResWebp/icon/character/1306.webp,Rin Tohsaka,https://stardb.gg/api/static/StarRailResWebp/icon/character/1508.webp,DHPT,https://stardb.gg/api/static/StarRailResWebp/icon/character/1414.webp,1
07/06/2026,4.3,Memory of Chaos 4 Starward,Node 2,1033,"Murata Graphia, Founding Artist",https://static.nanoka.cc/assets/hsr/monsterfigure/Monster_5014030.webp,Feixiao,https://stardb.gg/api/static/StarRailResWebp/icon/character/1220.webp,Ashveil,https://stardb.gg/api/static/StarRailResWebp/icon/character/1504.webp,Robin,https://stardb.gg/api/static/StarRailResWebp/icon/character/1309.webp,Moze,https://stardb.gg/api/static/StarRailResWebp/icon/character/1223.webp,0
07/06/2026,4.3,Memory of Chaos 4 Starward,Node 3,1033,@SparxiConOfficial,https://static.nanoka.cc/assets/hsr/monsterfigure/Monster_5014010.webp,Saber,https://stardb.gg/api/static/StarRailResWebp/icon/character/1014.webp,Gilgamesh,https://stardb.gg/api/static/StarRailResWebp/icon/character/1509.webp,RMC,https://stardb.gg/api/static/StarRailResWebp/icon/character/8008.webp,MBlade,https://stardb.gg/api/static/StarRailResWebp/icon/character/1507.webp,0
06/22/2026,4.3,Pure Fiction 4 Starward,Node 1,2024,"First Genius, Entelechy, Zandar",https://static.nanoka.cc/assets/hsr/monsterfigure/Monster_4044010.webp,Herta,https://stardb.gg/api/static/StarRailResWebp/icon/character/1013.webp,Aventurine,https://stardb.gg/api/static/StarRailResWebp/icon/character/1304.webp,Robin,https://stardb.gg/api/static/StarRailResWebp/icon/character/1309.webp,Ashveil,https://stardb.gg/api/static/StarRailResWebp/icon/character/1504.webp,33320
06/22/2026,4.3,Pure Fiction 4 Starward,Node 2,2024,Cocolia,https://static.nanoka.cc/assets/hsr/monsterfigure/Monster_1004010.webp,Archer,https://stardb.gg/api/static/StarRailResWebp/icon/character/1015.webp,Rin Tohsaka,https://stardb.gg/api/static/StarRailResWebp/icon/character/1508.webp,Sparkle,https://stardb.gg/api/static/StarRailResWebp/icon/character/1306.webp,DHPT,https://stardb.gg/api/static/StarRailResWebp/icon/character/1414.webp,40000
06/22/2026,4.3,Pure Fiction 4 Starward,Node 3,2024,Stellaron Hunter: Kafka,https://static.nanoka.cc/assets/hsr/monsterfigure/Monster_2004010.webp,Saber,https://stardb.gg/api/static/StarRailResWebp/icon/character/1014.webp,Gilgamesh,https://stardb.gg/api/static/StarRailResWebp/icon/character/1509.webp,RMC,https://stardb.gg/api/static/StarRailResWebp/icon/character/8008.webp,MBlade,https://stardb.gg/api/static/StarRailResWebp/icon/character/1507.webp,40000
06/08/2026,4.3,Apocalyptic Shadow 4 Starward,Node 1,3018,Arbiter of the Lost Abyss,https://static.nanoka.cc/assets/hsr/monsterfigure/Monster_4064010.webp,Anaxa,https://stardb.gg/api/static/StarRailResWebp/icon/character/1405.webp,Sunday,https://stardb.gg/api/static/StarRailResWebp/icon/character/1313.webp,Cipher,https://stardb.gg/api/static/StarRailResWebp/icon/character/1406.webp,DHPT,https://stardb.gg/api/static/StarRailResWebp/icon/character/1414.webp,3553
06/08/2026,4.3,Apocalyptic Shadow 4 Starward,Node 2,3018,Annihilator of Desolation Mistral,https://static.nanoka.cc/assets/hsr/monsterfigure/Monster_1004010.webp,Feixiao,https://stardb.gg/api/static/StarRailResWebp/icon/character/1220.webp,Moze,https://stardb.gg/api/static/StarRailResWebp/icon/character/1223.webp,MBlade,https://stardb.gg/api/static/StarRailResWebp/icon/character/1507.webp,Ashveil,https://stardb.gg/api/static/StarRailResWebp/icon/character/1504.webp,3926
06/08/2026,4.3,Apocalyptic Shadow 4 Starward,Node 3,3018,Flame Reaver of Doomsday Led Astray,https://static.nanoka.cc/assets/hsr/monsterfigure/Monster_4034010.webp,Seele,https://stardb.gg/api/static/StarRailResWebp/icon/character/1102.webp,Robin,https://stardb.gg/api/static/StarRailResWebp/icon/character/1309.webp,Sparkle,https://stardb.gg/api/static/StarRailResWebp/icon/character/1306.webp,RMC,https://stardb.gg/api/static/StarRailResWebp/icon/character/8008.webp,3843
05/31/2026,4.2,Anomaly Arbitration,Knight 1,6,Elite Enemies,https://static.nanoka.cc/assets/hsr/monsterfigure/Monster_5013010.webp,Hysilens,https://stardb.gg/api/static/StarRailResWebp/icon/character/1410.webp,Kafka,https://stardb.gg/api/static/StarRailResWebp/icon/character/1005.webp,Cipher,https://stardb.gg/api/static/StarRailResWebp/icon/character/1406.webp,Huohuo,https://stardb.gg/api/static/StarRailResWebp/icon/character/1217.webp,6
05/31/2026,4.2,Anomaly Arbitration,Knight 2,6,@SparxiConOfficial,https://static.nanoka.cc/assets/hsr/monsterfigure/Monster_5014010.webp,Feixiao,https://stardb.gg/api/static/StarRailResWebp/icon/character/1220.webp,Aventurine,https://stardb.gg/api/static/StarRailResWebp/icon/character/1304.webp,Robin,https://stardb.gg/api/static/StarRailResWebp/icon/character/1309.webp,Ashveil,https://stardb.gg/api/static/StarRailResWebp/icon/character/1504.webp,3
05/31/2026,4.2,Anomaly Arbitration,Knight 3,6,Flame Reaver of the Deepest Dark,https://static.nanoka.cc/assets/hsr/monsterfigure/Monster_4034010.webp,Archer,https://stardb.gg/api/static/StarRailResWebp/icon/character/1015.webp,Sparkle,https://stardb.gg/api/static/StarRailResWebp/icon/character/1306.webp,RMC,https://stardb.gg/api/static/StarRailResWebp/icon/character/8008.webp,DHPT,https://stardb.gg/api/static/StarRailResWebp/icon/character/1414.webp,2
05/31/2026,4.2,Anomaly Arbitration: King,,6,Paramount Bliss Inverted: Illwish Archlotus,https://static.nanoka.cc/assets/hsr/monsterfigure/Monster_5024010.webp,Ashveil,https://stardb.gg/api/static/StarRailResWebp/icon/character/1504.webp,Sunday,https://stardb.gg/api/static/StarRailResWebp/icon/character/1313.webp,Cipher,https://stardb.gg/api/static/StarRailResWebp/icon/character/1406.webp,DHPT,https://stardb.gg/api/static/StarRailResWebp/icon/character/1414.webp,2
05/25/3036,4.2,Memory of Chaos 12,Node 1,1032,Harbinger of Death: Swarm Nightmare,https://static.nanoka.cc/assets/hsr/monsterfigure/Monster_3024030.webp,Feixiao,https://stardb.gg/api/static/StarRailResWebp/icon/character/1220.webp,Ashveil,https://stardb.gg/api/static/StarRailResWebp/icon/character/1504.webp,Robin,https://stardb.gg/api/static/StarRailResWebp/icon/character/1309.webp,Moze,https://stardb.gg/api/static/StarRailResWebp/icon/character/1223.webp,0
05/25/2026,4.2,Memory of Chaos 12,Node 2,1032,Alloy Mechatron: King Pom-Pom,https://static.nanoka.cc/assets/hsr/monsterfigure/Monster_5014020.webp,Archer,https://stardb.gg/api/static/StarRailResWebp/icon/character/1015.webp,RMC,https://stardb.gg/api/static/StarRailResWebp/icon/character/8008.webp,Sparkle,https://stardb.gg/api/static/StarRailResWebp/icon/character/1306.webp,DHPT,https://stardb.gg/api/static/StarRailResWebp/icon/character/1414.webp,4
05/11/2026,4.2,Pure Fiction 4,Node 1,2023,"Savage God, Mad King, Incarnation of Strife",https://static.nanoka.cc/assets/hsr/monsterfigure/Monster_4014010.webp,Hysilens,https://stardb.gg/api/static/StarRailResWebp/icon/character/1410.webp,Kafka,https://stardb.gg/api/static/StarRailResWebp/icon/character/1005.webp,Cipher,https://stardb.gg/api/static/StarRailResWebp/icon/character/1406.webp,Huohuo,https://stardb.gg/api/static/StarRailResWebp/icon/character/1217.webp,25360
05/11/2026,4.2,Pure Fiction 4,Node 2,2023,Ichor Memosprite: Judge of Oblivion,https://static.nanoka.cc/assets/hsr/monsterfigure/Monster_4064010.webp,Feixiao,https://stardb.gg/api/static/StarRailResWebp/icon/character/1220.webp,Ashveil,https://stardb.gg/api/static/StarRailResWebp/icon/character/1504.webp,Robin,https://stardb.gg/api/static/StarRailResWebp/icon/character/1309.webp,DHPT,https://stardb.gg/api/static/StarRailResWebp/icon/character/1414.webp,35040
04/27/2026,4.2,Apocalyptic Shadow 4,Node 1,3017,Super Idol: Center of Attention,https://static.nanoka.cc/assets/hsr/monsterfigure/Monster_5014010.webp,Archer,https://stardb.gg/api/static/StarRailResWebp/icon/character/1015.webp,Sparkle,https://stardb.gg/api/static/StarRailResWebp/icon/character/1306.webp,RMC,https://stardb.gg/api/static/StarRailResWebp/icon/character/8008.webp,DHPT,https://stardb.gg/api/static/StarRailResWebp/icon/character/1414.webp,3637
04/27/2026,4.2,Apocalyptic Shadow 4,Node 2,3017,Sky-Shrouding Stardevourer Swarm,https://static.nanoka.cc/assets/hsr/monsterfigure/Monster_8025010.webp,Hysilens,https://stardb.gg/api/static/StarRailResWebp/icon/character/1410.webp,Kafka,https://stardb.gg/api/static/StarRailResWebp/icon/character/1005.webp,Robin,https://stardb.gg/api/static/StarRailResWebp/icon/character/1309.webp,Huohuo,https://stardb.gg/api/static/StarRailResWebp/icon/character/1217.webp,3424
04/16/2026,4.1,Anomaly Arbitration,Knight 1,5,Elite Enemies,https://static.nanoka.cc/assets/hsr/monsterfigure/Monster_5013040.webp,Anaxa,https://stardb.gg/api/static/StarRailResWebp/icon/character/1405.webp,Sunday,https://stardb.gg/api/static/StarRailResWebp/icon/character/1313.webp,Cipher,https://stardb.gg/api/static/StarRailResWebp/icon/character/1406.webp,DHPT,https://stardb.gg/api/static/StarRailResWebp/icon/character/1414.webp,2
04/16/2026,4.1,Anomaly Arbitration,Knight 2,5,"Pollux, Netherwing Husk, Ferry of Souls",https://static.nanoka.cc/assets/hsr/monsterfigure/Monster_4014030.webp,Saber,https://stardb.gg/api/static/StarRailResWebp/icon/character/1014.webp,Sparkle,https://stardb.gg/api/static/StarRailResWebp/icon/character/1306.webp,RMC,https://stardb.gg/api/static/StarRailResWebp/icon/character/8008.webp,Huohuo,https://stardb.gg/api/static/StarRailResWebp/icon/character/1217.webp,5
04/16/2026,4.1,Anomaly Arbitration,Knight 3,5,"First Genius, Entelechy, Zandar",https://static.nanoka.cc/assets/hsr/monsterfigure/Monster_4044010.webp,Feixiao,https://stardb.gg/api/static/StarRailResWebp/icon/character/1220.webp,Aventurine,https://stardb.gg/api/static/StarRailResWebp/icon/character/1304.webp,Robin,https://stardb.gg/api/static/StarRailResWebp/icon/character/1309.webp,Ashveil,https://stardb.gg/api/static/StarRailResWebp/icon/character/1504.webp,2
04/16/2026,4.1,Anomaly Arbitration: King,,5,Alloy Mechatron: King Pom-Pom,https://static.nanoka.cc/assets/hsr/monsterfigure/Monster_5014020.webp,Ashveil,https://stardb.gg/api/static/StarRailResWebp/icon/character/1504.webp,Sunday,https://stardb.gg/api/static/StarRailResWebp/icon/character/1313.webp,RMC,https://stardb.gg/api/static/StarRailResWebp/icon/character/8008.webp,DHPT,https://stardb.gg/api/static/StarRailResWebp/icon/character/1414.webp,1
04/13/2026,4.1,Memory of Chaos 12,Node 1,1031,"The Giver, Master of Legions, Lance of Fury",https://static.nanoka.cc/assets/hsr/monsterfigure/Monster_4014020.webp,Ashveil,https://stardb.gg/api/static/StarRailResWebp/icon/character/1504.webp,RMC,https://stardb.gg/api/static/StarRailResWebp/icon/character/8008.webp,Robin,https://stardb.gg/api/static/StarRailResWebp/icon/character/1309.webp,Cipher,https://stardb.gg/api/static/StarRailResWebp/icon/character/1406.webp,0
04/13/2026,4.1,Memory of Chaos 12,Node 2,1031,Stellaron Hunter: Kafka,https://static.nanoka.cc/assets/hsr/monsterfigure/Monster_2004010.webp,Anaxa,https://stardb.gg/api/static/StarRailResWebp/icon/character/1405.webp,Sunday,https://stardb.gg/api/static/StarRailResWebp/icon/character/1313.webp,Sparkle,https://stardb.gg/api/static/StarRailResWebp/icon/character/1306.webp,DHPT,https://stardb.gg/api/static/StarRailResWebp/icon/character/1414.webp,3
03/30/2026,4.1,Pure Fiction 4,Node 1,2022,Argenti,https://static.nanoka.cc/assets/hsr/monsterfigure/Monster_3024010.webp,Feixiao,https://stardb.gg/api/static/StarRailResWebp/icon/character/1220.webp,Aventurine,https://stardb.gg/api/static/StarRailResWebp/icon/character/1304.webp,Robin,https://stardb.gg/api/static/StarRailResWebp/icon/character/1309.webp,Ashveil,https://stardb.gg/api/static/StarRailResWebp/icon/character/1504.webp,32560
03/30/2026,4.1,Pure Fiction 4,Node 2,2022,Stellaron Hunter: Sam,https://static.nanoka.cc/assets/hsr/monsterfigure/Monster_3024020.webp,Anaxa,https://stardb.gg/api/static/StarRailResWebp/icon/character/1405.webp,Sunday,https://stardb.gg/api/static/StarRailResWebp/icon/character/1313.webp,Sparkle,https://stardb.gg/api/static/StarRailResWebp/icon/character/1306.webp,DHPT,https://stardb.gg/api/static/StarRailResWebp/icon/character/1414.webp,36600
03/24/2026,4.0,Anomaly Arbitration,Knight 1,4,Harbinger of Death: Swarm Nightmare,https://static.nanoka.cc/assets/hsr/monsterfigure/Monster_3024030.webp,Kafka,https://stardb.gg/api/static/StarRailResWebp/icon/character/1005.webp,Hysilens,https://stardb.gg/api/static/StarRailResWebp/icon/character/1410.webp,Ruan Mei,https://stardb.gg/api/static/StarRailResWebp/icon/character/1303.webp,Huohuo,https://stardb.gg/api/static/StarRailResWebp/icon/character/1217.webp,6
03/24/2026,4.0,Anomaly Arbitration,Knight 2,4,Flame Reaver of the Deepest Dark,https://static.nanoka.cc/assets/hsr/monsterfigure/Monster_4034010.webp,Anaxa,https://stardb.gg/api/static/StarRailResWebp/icon/character/1405.webp,Sunday,https://stardb.gg/api/static/StarRailResWebp/icon/character/1313.webp,Cipher,https://stardb.gg/api/static/StarRailResWebp/icon/character/1406.webp,DHPT,https://stardb.gg/api/static/StarRailResWebp/icon/character/1414.webp,6
03/24/2026,4.0,Anomaly Arbitration,Knight 3,4,Stellaron Hunter: Sam,https://static.nanoka.cc/assets/hsr/monsterfigure/Monster_3024020.webp,Archer,https://stardb.gg/api/static/StarRailResWebp/icon/character/1015.webp,Sparkle,https://stardb.gg/api/static/StarRailResWebp/icon/character/1306.webp,RMC,https://stardb.gg/api/static/StarRailResWebp/icon/character/8008.webp,Aventurine,https://stardb.gg/api/static/StarRailResWebp/icon/character/1304.webp,2
03/24/2026,4.0,Anomaly Arbitration: King,,4,@SparxiConOfficial,https://static.nanoka.cc/assets/hsr/monsterfigure/Monster_5014010.webp,Anaxa,https://stardb.gg/api/static/StarRailResWebp/icon/character/1405.webp,Sunday,https://stardb.gg/api/static/StarRailResWebp/icon/character/1313.webp,Cipher,https://stardb.gg/api/static/StarRailResWebp/icon/character/1406.webp,DHPT,https://stardb.gg/api/static/StarRailResWebp/icon/character/1414.webp,5
03/16/2026,4.0,Apocalyptic Shadow 4,Node 1,3016,The Ravaged Unconquerable,https://static.nanoka.cc/assets/hsr/monsterfigure/Monster_4014010.webp,Archer,https://stardb.gg/api/static/StarRailResWebp/icon/character/1015.webp,Sparkle,https://stardb.gg/api/static/StarRailResWebp/icon/character/1306.webp,Cipher,https://stardb.gg/api/static/StarRailResWebp/icon/character/1406.webp,Gallagher,https://stardb.gg/api/static/StarRailResWebp/icon/character/1301.webp,3615
03/16/2026,4.0,Apocalyptic Shadow 4,Node 2,3016,Hellcharred Shadow General,https://static.nanoka.cc/assets/hsr/monsterfigure/Monster_2033020.webp,Kafka,https://stardb.gg/api/static/StarRailResWebp/icon/character/1005.webp,Hysilens,https://stardb.gg/api/static/StarRailResWebp/icon/character/1410.webp,Sunday,https://stardb.gg/api/static/StarRailResWebp/icon/character/1313.webp,DHPT,https://stardb.gg/api/static/StarRailResWebp/icon/character/1414.webp,3529
03/02/2026,4.0,Memory of Chaos 12,Node 1,1030,@SparxiConOfficial,https://static.nanoka.cc/assets/hsr/monsterfigure/Monster_5014010.webp,Archer,https://stardb.gg/api/static/StarRailResWebp/icon/character/1015.webp,Sparkle,https://stardb.gg/api/static/StarRailResWebp/icon/character/1306.webp,RMC,https://stardb.gg/api/static/StarRailResWebp/icon/character/8008.webp,DHPT,https://stardb.gg/api/static/StarRailResWebp/icon/character/1414.webp,1
03/02/2026,4.0,Memory of Chaos 12,Node 2,1030,"First Genius, Entelechy, Zandar",https://static.nanoka.cc/assets/hsr/monsterfigure/Monster_4044010.webp,Feixiao,https://stardb.gg/api/static/StarRailResWebp/icon/character/1220.webp,Ashveil,https://stardb.gg/api/static/StarRailResWebp/icon/character/1504.webp,Robin,https://stardb.gg/api/static/StarRailResWebp/icon/character/1309.webp,Aventurine,https://stardb.gg/api/static/StarRailResWebp/icon/character/1304.webp,1
02/16/2026,4.0,Pure Fiction 4,Node 1,2021,Bronya,https://static.nanoka.cc/assets/hsr/monsterfigure/Monster_1004030.webp,Hysilens,https://stardb.gg/api/static/StarRailResWebp/icon/character/1410.webp,Kafka,https://stardb.gg/api/static/StarRailResWebp/icon/character/1005.webp,Robin,https://stardb.gg/api/static/StarRailResWebp/icon/character/1309.webp,Huohuo,https://stardb.gg/api/static/StarRailResWebp/icon/character/1217.webp,25600
02/16/2026,4.0,Pure Fiction 4,Node 2,2021,Swarm: True Sting,https://static.nanoka.cc/assets/hsr/monsterfigure/Monster_8024010.webp,Anaxa,https://stardb.gg/api/static/StarRailResWebp/icon/character/1405.webp,Sunday,https://stardb.gg/api/static/StarRailResWebp/icon/character/1313.webp,Cipher,https://stardb.gg/api/static/StarRailResWebp/icon/character/1406.webp,DHPT,https://stardb.gg/api/static/StarRailResWebp/icon/character/1414.webp,39080
02/12/2026,3.8,Anomaly Arbitration,Knight 1,3,Elite Enemies,https://static.nanoka.cc/assets/hsr/monsterfigure/Monster_2023030.webp,Anaxa,https://stardb.gg/api/static/StarRailResWebp/icon/character/1405.webp,Bronya,https://stardb.gg/api/static/StarRailResWebp/icon/character/1101.webp,Tingyun,https://stardb.gg/api/static/StarRailResWebp/icon/character/1202.webp,DHPT,https://stardb.gg/api/static/StarRailResWebp/icon/character/1414.webp,6
02/12/2026,3.8,Anomaly Arbitration,Knight 2,3,Swarm: True Sting,https://static.nanoka.cc/assets/hsr/monsterfigure/Monster_8024010.webp,Saber,https://stardb.gg/api/static/StarRailResWebp/icon/character/1014.webp,Sunday,https://stardb.gg/api/static/StarRailResWebp/icon/character/1313.webp,RMC,https://stardb.gg/api/static/StarRailResWebp/icon/character/8008.webp,Huohuo,https://stardb.gg/api/static/StarRailResWebp/icon/character/1217.webp,6
02/12/2026,3.8,Anomaly Arbitration,Knight 3,3,Ichor Memosprite: Judge of Oblivion,https://static.nanoka.cc/assets/hsr/monsterfigure/Monster_4064010.webp,Feixiao,https://stardb.gg/api/static/StarRailResWebp/icon/character/1220.webp,Robin,https://stardb.gg/api/static/StarRailResWebp/icon/character/1309.webp,Aventurine,https://stardb.gg/api/static/StarRailResWebp/icon/character/1304.webp,Cipher,https://stardb.gg/api/static/StarRailResWebp/icon/character/1406.webp,4
02/12/2026,3.8,Anomaly Arbitration: King,,3,"""Harmonious Choir"" The Great Septimus",https://static.nanoka.cc/assets/hsr/monsterfigure/Monster_3025010.webp,Anaxa,https://stardb.gg/api/static/StarRailResWebp/icon/character/1405.webp,Sunday,https://stardb.gg/api/static/StarRailResWebp/icon/character/1313.webp,Cipher,https://stardb.gg/api/static/StarRailResWebp/icon/character/1406.webp,DHPT,https://stardb.gg/api/static/StarRailResWebp/icon/character/1414.webp,4
02/02/2026,3.8,Apocalyptic Shadow 4,Node 1,3015,Soulhook Sovereign,https://static.nanoka.cc/assets/hsr/monsterfigure/Monster_2004010.webp,Feixiao,https://stardb.gg/api/static/StarRailResWebp/icon/character/1220.webp,Robin,https://stardb.gg/api/static/StarRailResWebp/icon/character/1309.webp,DHPT,https://stardb.gg/api/static/StarRailResWebp/icon/character/1414.webp,HM7,https://stardb.gg/api/static/StarRailResWebp/icon/character/1224.webp,3490
02/02/2026,3.8,Apocalyptic Shadow 4,Node 2,3015,Guide of Withering and Decay,https://static.nanoka.cc/assets/hsr/monsterfigure/Monster_4014030.webp,Anaxa,https://stardb.gg/api/static/StarRailResWebp/icon/character/1405.webp,Sunday,https://stardb.gg/api/static/StarRailResWebp/icon/character/1313.webp,Gallagher,https://stardb.gg/api/static/StarRailResWebp/icon/character/1301.webp,Cipher,https://stardb.gg/api/static/StarRailResWebp/icon/character/1406.webp,3313
01/19/2026,3.8,Memory of Chaos 12,Node 1,1029,Cocolia,https://static.nanoka.cc/assets/hsr/monsterfigure/Monster_1004010.webp,Feixiao,https://stardb.gg/api/static/StarRailResWebp/icon/character/1220.webp,Robin,https://stardb.gg/api/static/StarRailResWebp/icon/character/1309.webp,Aventurine,https://stardb.gg/api/static/StarRailResWebp/icon/character/1304.webp,Cipher,https://stardb.gg/api/static/StarRailResWebp/icon/character/1406.webp,3
01/19/2026,3.8,Memory of Chaos 12,Node 2,1029,Harbinger of Death: Swarm Nightmare,https://static.nanoka.cc/assets/hsr/monsterfigure/Monster_3024030.webp,Anaxa,https://stardb.gg/api/static/StarRailResWebp/icon/character/1405.webp,Sunday,https://stardb.gg/api/static/StarRailResWebp/icon/character/1313.webp,RMC,https://stardb.gg/api/static/StarRailResWebp/icon/character/8008.webp,DHPT,https://stardb.gg/api/static/StarRailResWebp/icon/character/1414.webp,6
01/05/2026,3.8,Pure Fiction 4,Node 1,2020,Borisin Warhead: Hoolay,https://static.nanoka.cc/assets/hsr/monsterfigure/Monster_2034010.webp,Feixiao,https://stardb.gg/api/static/StarRailResWebp/icon/character/1220.webp,DHPT,https://stardb.gg/api/static/StarRailResWebp/icon/character/1414.webp,Sunday,https://stardb.gg/api/static/StarRailResWebp/icon/character/1313.webp,Cipher,https://stardb.gg/api/static/StarRailResWebp/icon/character/1406.webp,32200
01/05/2026,3.8,Pure Fiction 4,Node 2,2020,Abundant Ebon Deer,https://static.nanoka.cc/assets/hsr/monsterfigure/Monster_2024010.webp,The Herta,https://stardb.gg/api/static/StarRailResWebp/icon/character/1401.webp,Anaxa,https://stardb.gg/api/static/StarRailResWebp/icon/character/1405.webp,RMC,https://stardb.gg/api/static/StarRailResWebp/icon/character/8008.webp,Huohuo,https://stardb.gg/api/static/StarRailResWebp/icon/character/1217.webp,28800
12/22/2025,3.8,Apocalyptic Shadow 4,Node 1,3014,Silver Knight of Virtuous Gallantry,https://static.nanoka.cc/assets/hsr/monsterfigure/Monster_3024010.webp,Phainon,https://stardb.gg/api/static/StarRailResWebp/icon/character/1408.webp,Sunday,https://stardb.gg/api/static/StarRailResWebp/icon/character/1313.webp,Robin,https://stardb.gg/api/static/StarRailResWebp/icon/character/1309.webp,DHPT,https://stardb.gg/api/static/StarRailResWebp/icon/character/1414.webp,3368
12/22/2025,3.8,Apocalyptic Shadow 4,Node 2,3014,Blaznana Monkey Trick,https://static.nanoka.cc/assets/hsr/monsterfigure/Monster_3004020.webp,The Herta,https://stardb.gg/api/static/StarRailResWebp/icon/character/1401.webp,Anaxa,https://stardb.gg/api/static/StarRailResWebp/icon/character/1405.webp,Aventurine,https://stardb.gg/api/static/StarRailResWebp/icon/character/1304.webp,RMC,https://stardb.gg/api/static/StarRailResWebp/icon/character/8008.webp,3365
12/16/2025,3.7,Anomaly Arbitration,Knight 1,2,Elite Enemies,https://static.nanoka.cc/assets/hsr/monsterfigure/Monster_2033010.webp,Saber,https://stardb.gg/api/static/StarRailResWebp/icon/character/1014.webp,Sunday,https://stardb.gg/api/static/StarRailResWebp/icon/character/1313.webp,Tingyun,https://stardb.gg/api/static/StarRailResWebp/icon/character/1202.webp,Huohuo,https://stardb.gg/api/static/StarRailResWebp/icon/character/1217.webp,2
12/16/2025,3.7,Anomaly Arbitration,Knight 2,2,Borisin Warhead: Hoolay,https://static.nanoka.cc/assets/hsr/monsterfigure/Monster_2034010.webp,Feixiao,https://stardb.gg/api/static/StarRailResWebp/icon/character/1220.webp,Aventurine,https://stardb.gg/api/static/StarRailResWebp/icon/character/1304.webp,Robin,https://stardb.gg/api/static/StarRailResWebp/icon/character/1309.webp,Cipher,https://stardb.gg/api/static/StarRailResWebp/icon/character/1406.webp,2
12/16/2025,3.7,Anomaly Arbitration,Knight 3,2,Wonder Forest's Banacademic Office Staff,https://static.nanoka.cc/assets/hsr/monsterfigure/Monster_3004020.webp,Anaxa,https://stardb.gg/api/static/StarRailResWebp/icon/character/1405.webp,Bronya,https://stardb.gg/api/static/StarRailResWebp/icon/character/1101.webp,Ruan Mei,https://stardb.gg/api/static/StarRailResWebp/icon/character/1303.webp,DHPT,https://stardb.gg/api/static/StarRailResWebp/icon/character/1414.webp,2
12/16/2025,3.7,Anomaly Arbitration: King,,2,"Sublime, Radiant, Avatar of the Sky",https://static.nanoka.cc/assets/hsr/monsterfigure/Monster_4015010.webp,Anaxa,https://stardb.gg/api/static/StarRailResWebp/icon/character/1405.webp,Sunday,https://stardb.gg/api/static/StarRailResWebp/icon/character/1313.webp,Robin,https://stardb.gg/api/static/StarRailResWebp/icon/character/1309.webp,DHPT,https://stardb.gg/api/static/StarRailResWebp/icon/character/1414.webp,5
12/08/2025,3.7,Memory of Chaos 12,Node 1,1028,Stellaron Hunter: Sam,https://static.nanoka.cc/assets/hsr/monsterfigure/Monster_3024020.webp,Aglaea,https://stardb.gg/api/static/StarRailResWebp/icon/character/1402.webp,Sunday,https://stardb.gg/api/static/StarRailResWebp/icon/character/1313.webp,DHPT,https://stardb.gg/api/static/StarRailResWebp/icon/character/1414.webp,Tingyun,https://stardb.gg/api/static/StarRailResWebp/icon/character/1202.webp,5
12/08/2025,3.7,Memory of Chaos 12,Node 2,1028,Borisin Warhead: Hoolay,https://static.nanoka.cc/assets/hsr/monsterfigure/Monster_2034010.webp,Feixiao,https://stardb.gg/api/static/StarRailResWebp/icon/character/1220.webp,Aventurine,https://stardb.gg/api/static/StarRailResWebp/icon/character/1304.webp,Robin,https://stardb.gg/api/static/StarRailResWebp/icon/character/1309.webp,Cipher,https://stardb.gg/api/static/StarRailResWebp/icon/character/1406.webp,2
11/24/2025,3.7,Pure Fiction 4,Node 1,2019,Cocolia,https://static.nanoka.cc/assets/hsr/monsterfigure/Monster_1004010.webp,Anaxa,https://stardb.gg/api/static/StarRailResWebp/icon/character/1405.webp,Sunday,https://stardb.gg/api/static/StarRailResWebp/icon/character/1313.webp,Cipher,https://stardb.gg/api/static/StarRailResWebp/icon/character/1406.webp,DHPT,https://stardb.gg/api/static/StarRailResWebp/icon/character/1414.webp,36040
11/24/2025,3.7,Pure Fiction 4,Node 2,2019,"First Genius, Entelechy, Zandar",https://static.nanoka.cc/assets/hsr/monsterfigure/Monster_4044010.webp,The Herta,https://stardb.gg/api/static/StarRailResWebp/icon/character/1401.webp,RMC,https://stardb.gg/api/static/StarRailResWebp/icon/character/8008.webp,Robin,https://stardb.gg/api/static/StarRailResWebp/icon/character/1309.webp,Herta,https://stardb.gg/api/static/StarRailResWebp/icon/character/1013.webp,25120
11/10/2025,3.7,Apocalyptic Shadow 4,Node 1,3013,Sky-Shrouding Stardevourer Swarm,https://static.nanoka.cc/assets/hsr/monsterfigure/Monster_8025010.webp,Anaxa,https://stardb.gg/api/static/StarRailResWebp/icon/character/1405.webp,Sunday,https://stardb.gg/api/static/StarRailResWebp/icon/character/1313.webp,Ruan Mei,https://stardb.gg/api/static/StarRailResWebp/icon/character/1303.webp,DHPT,https://stardb.gg/api/static/StarRailResWebp/icon/character/1414.webp,3526
11/10/2025,3.7,Apocalyptic Shadow 4,Node 2,3013,Opportunistic Provocateur,https://static.nanoka.cc/assets/hsr/monsterfigure/Monster_8015020.webp,Feixiao,https://stardb.gg/api/static/StarRailResWebp/icon/character/1220.webp,HM7,https://stardb.gg/api/static/StarRailResWebp/icon/character/1224.webp,Aventurine,https://stardb.gg/api/static/StarRailResWebp/icon/character/1304.webp,Robin,https://stardb.gg/api/static/StarRailResWebp/icon/character/1309.webp,3548
11/05/2025,3.6,Anomaly Arbitration,Knight 1,1,"The Past, Present, and Eternal Show",https://static.nanoka.cc/assets/hsr/monsterfigure/Monster_3004010.webp,Anaxa,https://stardb.gg/api/static/StarRailResWebp/icon/character/1405.webp,Ruan Mei,https://stardb.gg/api/static/StarRailResWebp/icon/character/1303.webp,RMC,https://stardb.gg/api/static/StarRailResWebp/icon/character/8008.webp,Tingyun,https://stardb.gg/api/static/StarRailResWebp/icon/character/1202.webp,2
11/05/2025,3.6,Anomaly Arbitration,Knight 2,1,"Memory Zone Meme ""Something Unto Death""",https://static.nanoka.cc/assets/hsr/monsterfigure/Monster_3014020.webp,Saber,https://stardb.gg/api/static/StarRailResWebp/icon/character/1014.webp,Sunday,https://stardb.gg/api/static/StarRailResWebp/icon/character/1313.webp,Bronya,https://stardb.gg/api/static/StarRailResWebp/icon/character/1101.webp,DHPT,https://stardb.gg/api/static/StarRailResWebp/icon/character/1414.webp,2
11/05/2025,3.6,Anomaly Arbitration,Knight 3,1,Elite Enemies,https://static.nanoka.cc/assets/hsr/monsterfigure/Monster_4033010.webp,Feixiao,https://stardb.gg/api/static/StarRailResWebp/icon/character/1220.webp,Cipher,https://stardb.gg/api/static/StarRailResWebp/icon/character/1406.webp,Aventurine,https://stardb.gg/api/static/StarRailResWebp/icon/character/1304.webp,Robin,https://stardb.gg/api/static/StarRailResWebp/icon/character/1309.webp,2
11/05/2025,3.6,Anomaly Arbitration: King,,1,"First Genius, Entelechy, Zandar",https://static.nanoka.cc/assets/hsr/monsterfigure/Monster_4044010.webp,Anaxa,https://stardb.gg/api/static/StarRailResWebp/icon/character/1405.webp,DHPT,https://stardb.gg/api/static/StarRailResWebp/icon/character/1414.webp,Robin,https://stardb.gg/api/static/StarRailResWebp/icon/character/1309.webp,Sunday,https://stardb.gg/api/static/StarRailResWebp/icon/character/1313.webp,5
10/27/2025,3.6,Memory of Chaos 12,Node 1,1027,Flame Reaver of the Deepest Dark,https://static.nanoka.cc/assets/hsr/monsterfigure/Monster_4034010.webp,Anaxa,https://stardb.gg/api/static/StarRailResWebp/icon/character/1405.webp,Sunday,https://stardb.gg/api/static/StarRailResWebp/icon/character/1313.webp,Bronya,https://stardb.gg/api/static/StarRailResWebp/icon/character/1101.webp,DHPT,https://stardb.gg/api/static/StarRailResWebp/icon/character/1414.webp,3
10/27/2025,3.6,Memory of Chaos 12,Node 2,1027,Ichor Memosprite: Judge of Oblivion,https://static.nanoka.cc/assets/hsr/monsterfigure/Monster_4064010.webp,Feixiao,https://stardb.gg/api/static/StarRailResWebp/icon/character/1220.webp,Robin,https://stardb.gg/api/static/StarRailResWebp/icon/character/1309.webp,Aventurine,https://stardb.gg/api/static/StarRailResWebp/icon/character/1304.webp,Cipher,https://stardb.gg/api/static/StarRailResWebp/icon/character/1406.webp,6
10/13/2025,3.6,Pure Fiction 4,Node 1,2018,Argenti,https://static.nanoka.cc/assets/hsr/monsterfigure/Monster_3024010.webp,The Herta,https://stardb.gg/api/static/StarRailResWebp/icon/character/1401.webp,Robin,https://stardb.gg/api/static/StarRailResWebp/icon/character/1309.webp,RMC,https://stardb.gg/api/static/StarRailResWebp/icon/character/8008.webp,Herta,https://stardb.gg/api/static/StarRailResWebp/icon/character/1013.webp,37560
10/13/2025,3.6,Pure Fiction 4,Node 2,2018,"Savage God, Mad King, Incarnation of Strife",https://static.nanoka.cc/assets/hsr/monsterfigure/Monster_4014010.webp,Anaxa,https://stardb.gg/api/static/StarRailResWebp/icon/character/1405.webp,Sunday,https://stardb.gg/api/static/StarRailResWebp/icon/character/1313.webp,Bronya,https://stardb.gg/api/static/StarRailResWebp/icon/character/1101.webp,DHPT,https://stardb.gg/api/static/StarRailResWebp/icon/character/1414.webp,40000
09/29/2025,3.6,Apocalyptic Shadow 4,Node 1,3012,Annihilator of Desolation Mistral,https://static.nanoka.cc/assets/hsr/monsterfigure/Monster_1004010.webp,Anaxa,https://stardb.gg/api/static/StarRailResWebp/icon/character/1405.webp,Aventurine,https://stardb.gg/api/static/StarRailResWebp/icon/character/1304.webp,Robin,https://stardb.gg/api/static/StarRailResWebp/icon/character/1309.webp,Bronya,https://stardb.gg/api/static/StarRailResWebp/icon/character/1101.webp,3527
09/29/2025,3.6,Apocalyptic Shadow 4,Node 2,3012,Guide of Withering and Decay,https://static.nanoka.cc/assets/hsr/monsterfigure/Monster_4014030.webp,Saber,https://stardb.gg/api/static/StarRailResWebp/icon/character/1014.webp,Sunday,https://stardb.gg/api/static/StarRailResWebp/icon/character/1313.webp,RMC,https://stardb.gg/api/static/StarRailResWebp/icon/character/8008.webp,Huohuo,https://stardb.gg/api/static/StarRailResWebp/icon/character/1217.webp,3340
09/15/2025,3.5,Memory of Chaos 12,Node 1,1026,Gepard,https://static.nanoka.cc/assets/hsr/monsterfigure/Monster_1004020.webp,Feixiao,https://stardb.gg/api/static/StarRailResWebp/icon/character/1220.webp,Aventurine,https://stardb.gg/api/static/StarRailResWebp/icon/character/1304.webp,Robin,https://stardb.gg/api/static/StarRailResWebp/icon/character/1309.webp,Cipher,https://stardb.gg/api/static/StarRailResWebp/icon/character/1406.webp,1
09/15/2025,3.5,Memory of Chaos 12,Node 2,1026,"First Genius, Entelechy, Zandar",https://static.nanoka.cc/assets/hsr/monsterfigure/Monster_4044010.webp,Saber,https://stardb.gg/api/static/StarRailResWebp/icon/character/1014.webp,Sunday,https://stardb.gg/api/static/StarRailResWebp/icon/character/1313.webp,RMC,https://stardb.gg/api/static/StarRailResWebp/icon/character/8008.webp,Huohuo,https://stardb.gg/api/static/StarRailResWebp/icon/character/1217.webp,2
09/01/2025,3.5,Pure Fiction 4,Node 1,2017,Bronya,https://static.nanoka.cc/assets/hsr/monsterfigure/Monster_1004030.webp,Argenti,https://stardb.gg/api/static/StarRailResWebp/icon/character/1302.webp,Sunday,https://stardb.gg/api/static/StarRailResWebp/icon/character/1313.webp,Robin,https://stardb.gg/api/static/StarRailResWebp/icon/character/1309.webp,Huohuo,https://stardb.gg/api/static/StarRailResWebp/icon/character/1217.webp,29720
09/01/2025,3.5,Pure Fiction 4,Node 2,2017,Flame Reaver of the Deepest Dark,https://static.nanoka.cc/assets/hsr/monsterfigure/Monster_4034010.webp,The Herta,https://stardb.gg/api/static/StarRailResWebp/icon/character/1401.webp,Herta,https://stardb.gg/api/static/StarRailResWebp/icon/character/1013.webp,RMC,https://stardb.gg/api/static/StarRailResWebp/icon/character/8008.webp,Cipher,https://stardb.gg/api/static/StarRailResWebp/icon/character/1406.webp,31080
08/18/2025,3.5,Apocalyptic Shadow 4,Node 1,3011,Fulminating Wolflord,https://static.nanoka.cc/assets/hsr/monsterfigure/Monster_2034010.webp,Feixiao,https://stardb.gg/api/static/StarRailResWebp/icon/character/1220.webp,Cipher,https://stardb.gg/api/static/StarRailResWebp/icon/character/1406.webp,Aventurine,https://stardb.gg/api/static/StarRailResWebp/icon/character/1304.webp,Robin,https://stardb.gg/api/static/StarRailResWebp/icon/character/1309.webp,3570
08/18/2025,3.5,Apocalyptic Shadow 4,Node 2,3011,Hellcharred Shadow General,https://static.nanoka.cc/assets/hsr/monsterfigure/Monster_2033020.webp,Anaxa,https://stardb.gg/api/static/StarRailResWebp/icon/character/1405.webp,Ruan Mei,https://stardb.gg/api/static/StarRailResWebp/icon/character/1303.webp,Sunday,https://stardb.gg/api/static/StarRailResWebp/icon/character/1313.webp,Huohuo,https://stardb.gg/api/static/StarRailResWebp/icon/character/1217.webp,3342
08/04/2025,3.4,Memory of Chaos 12,Node 1,1025,Svarog,https://static.nanoka.cc/assets/hsr/monsterfigure/Monster_1014010.webp,Feixiao,https://stardb.gg/api/static/StarRailResWebp/icon/character/1220.webp,Robin,https://stardb.gg/api/static/StarRailResWebp/icon/character/1309.webp,Aventurine,https://stardb.gg/api/static/StarRailResWebp/icon/character/1304.webp,Cipher,https://stardb.gg/api/static/StarRailResWebp/icon/character/1406.webp,1
08/04/2025,3.4,Memory of Chaos 12,Node 2,1025,Ten Stonehearts: Aventurine of Stratagems,https://static.nanoka.cc/assets/hsr/monsterfigure/Monster_8034010.webp,Anaxa,https://stardb.gg/api/static/StarRailResWebp/icon/character/1405.webp,Sunday,https://stardb.gg/api/static/StarRailResWebp/icon/character/1313.webp,Bronya,https://stardb.gg/api/static/StarRailResWebp/icon/character/1101.webp,Huohuo,https://stardb.gg/api/static/StarRailResWebp/icon/character/1217.webp,2
07/21/2025,3.4,Pure Fiction 4,Node 1,2016,Gepard,https://static.nanoka.cc/assets/hsr/monsterfigure/Monster_1004020.webp,The Herta,https://stardb.gg/api/static/StarRailResWebp/icon/character/1401.webp,Herta,https://stardb.gg/api/static/StarRailResWebp/icon/character/1013.webp,RMC,https://stardb.gg/api/static/StarRailResWebp/icon/character/8008.webp,Robin,https://stardb.gg/api/static/StarRailResWebp/icon/character/1309.webp,31760
07/21/2025,3.4,Pure Fiction 4,Node 2,2016,Borisin Warhead: Hoolay,https://static.nanoka.cc/assets/hsr/monsterfigure/Monster_2034010.webp,Saber,https://stardb.gg/api/static/StarRailResWebp/icon/character/1014.webp,Sunday,https://stardb.gg/api/static/StarRailResWebp/icon/character/1313.webp,Tingyun,https://stardb.gg/api/static/StarRailResWebp/icon/character/1202.webp,Huohuo,https://stardb.gg/api/static/StarRailResWebp/icon/character/1217.webp,29640
07/07/2025,3.4,Apocalyptic Shadow 4,Node 1,3010,Flame Reaver of Doomsday Led Astray,https://static.nanoka.cc/assets/hsr/monsterfigure/Monster_4034010.webp,Aglaea,https://stardb.gg/api/static/StarRailResWebp/icon/character/1402.webp,Sunday,https://stardb.gg/api/static/StarRailResWebp/icon/character/1313.webp,RMC,https://stardb.gg/api/static/StarRailResWebp/icon/character/8008.webp,Bronya,https://stardb.gg/api/static/StarRailResWebp/icon/character/1101.webp,3585
07/07/2025,3.4,Apocalyptic Shadow 4,Node 2,3010,Starbane Doombringer,https://static.nanoka.cc/assets/hsr/monsterfigure/Monster_8015010.webp,Feixiao,https://stardb.gg/api/static/StarRailResWebp/icon/character/1220.webp,Aventurine,https://stardb.gg/api/static/StarRailResWebp/icon/character/1304.webp,Robin,https://stardb.gg/api/static/StarRailResWebp/icon/character/1309.webp,Cipher,https://stardb.gg/api/static/StarRailResWebp/icon/character/1406.webp,3664
06/23/2025,3.3,Memory of Chaos 12,Node 1,1024,Swarm: True Sting,https://static.nanoka.cc/assets/hsr/monsterfigure/Monster_8024010.webp,Mydei,https://stardb.gg/api/static/StarRailResWebp/icon/character/1404.webp,Sunday,https://stardb.gg/api/static/StarRailResWebp/icon/character/1313.webp,RMC,https://stardb.gg/api/static/StarRailResWebp/icon/character/8008.webp,Gallagher,https://stardb.gg/api/static/StarRailResWebp/icon/character/1301.webp,
06/23/2025,3.3,Memory of Chaos 12,Node 2,1024,Borisin Warhead: Hoolay,https://static.nanoka.cc/assets/hsr/monsterfigure/Monster_2034010.webp,Feixiao,https://stardb.gg/api/static/StarRailResWebp/icon/character/1220.webp,Aventurine,https://stardb.gg/api/static/StarRailResWebp/icon/character/1304.webp,Cipher,https://stardb.gg/api/static/StarRailResWebp/icon/character/1406.webp,Robin,https://stardb.gg/api/static/StarRailResWebp/icon/character/1309.webp,
06/09/2025,3.3,Pure Fiction 4,Node 1,2015,Argenti,https://static.nanoka.cc/assets/hsr/monsterfigure/Monster_3024010.webp,Argenti,https://stardb.gg/api/static/StarRailResWebp/icon/character/1302.webp,Sunday,https://stardb.gg/api/static/StarRailResWebp/icon/character/1313.webp,Robin,https://stardb.gg/api/static/StarRailResWebp/icon/character/1309.webp,Huohuo,https://stardb.gg/api/static/StarRailResWebp/icon/character/1217.webp,37600
06/09/2025,3.3,Pure Fiction 4,Node 2,2015,Swarm: True Sting,https://static.nanoka.cc/assets/hsr/monsterfigure/Monster_8024010.webp,The Herta,https://stardb.gg/api/static/StarRailResWebp/icon/character/1401.webp,RMC,https://stardb.gg/api/static/StarRailResWebp/icon/character/8008.webp,Gallagher,https://stardb.gg/api/static/StarRailResWebp/icon/character/1301.webp,Anaxa,https://stardb.gg/api/static/StarRailResWebp/icon/character/1405.webp,33920
05/26/2025,3.3,Apocalyptic Shadow 4,Node 1,3009,Annihilator of Desolation Mistral,https://static.nanoka.cc/assets/hsr/monsterfigure/Monster_1004010.webp,Anaxa,https://stardb.gg/api/static/StarRailResWebp/icon/character/1405.webp,Sunday,https://stardb.gg/api/static/StarRailResWebp/icon/character/1313.webp,Ruan Mei,https://stardb.gg/api/static/StarRailResWebp/icon/character/1303.webp,Huohuo,https://stardb.gg/api/static/StarRailResWebp/icon/character/1217.webp,3627
05/26/2025,3.3,Apocalyptic Shadow 4,Node 2,3009,Soulhook Sovereign,https://static.nanoka.cc/assets/hsr/monsterfigure/Monster_2004010.webp,Feixiao,https://stardb.gg/api/static/StarRailResWebp/icon/character/1220.webp,Robin,https://stardb.gg/api/static/StarRailResWebp/icon/character/1309.webp,Aventurine,https://stardb.gg/api/static/StarRailResWebp/icon/character/1304.webp,HM7,https://stardb.gg/api/static/StarRailResWebp/icon/character/1224.webp,3600
05/12/2025,3.2,Memory of Chaos 12,Node 1,1023,"Pollux, Netherwing Husk, Ferry of Souls",https://static.nanoka.cc/assets/hsr/monsterfigure/Monster_4014030.webp,Mydei,https://stardb.gg/api/static/StarRailResWebp/icon/character/1404.webp,Sunday,https://stardb.gg/api/static/StarRailResWebp/icon/character/1313.webp,Bronya,https://stardb.gg/api/static/StarRailResWebp/icon/character/1101.webp,Gallagher,https://stardb.gg/api/static/StarRailResWebp/icon/character/1301.webp,2
05/12/2025,3.2,Memory of Chaos 12,Node 2,1023,Wonder Forest's Banacademic Office Staff,https://static.nanoka.cc/assets/hsr/monsterfigure/Monster_3004020.webp,The Herta,https://stardb.gg/api/static/StarRailResWebp/icon/character/1401.webp,Anaxa,https://stardb.gg/api/static/StarRailResWebp/icon/character/1405.webp,Ruan Mei,https://stardb.gg/api/static/StarRailResWebp/icon/character/1303.webp,Aventurine,https://stardb.gg/api/static/StarRailResWebp/icon/character/1304.webp,3
04/28/2025,3.2,Pure Fiction 4,Node 1,2014,Stellaron Hunter: Kafka,https://static.nanoka.cc/assets/hsr/monsterfigure/Monster_2004010.webp,Sunday,https://stardb.gg/api/static/StarRailResWebp/icon/character/1313.webp,Mydei,https://stardb.gg/api/static/StarRailResWebp/icon/character/1404.webp,Ruan Mei,https://stardb.gg/api/static/StarRailResWebp/icon/character/1303.webp,Bronya,https://stardb.gg/api/static/StarRailResWebp/icon/character/1101.webp,40000
04/28/2025,3.2,Pure Fiction 4,Node 2,2014,Flame Reaver of the Deepest Dark,https://static.nanoka.cc/assets/hsr/monsterfigure/Monster_4034010.webp,The Herta,https://stardb.gg/api/static/StarRailResWebp/icon/character/1401.webp,Anaxa,https://stardb.gg/api/static/StarRailResWebp/icon/character/1405.webp,Robin,https://stardb.gg/api/static/StarRailResWebp/icon/character/1309.webp,RMC,https://stardb.gg/api/static/StarRailResWebp/icon/character/8008.webp,40000
04/14/2025,3.2,Apocalyptic Shadow 4,Node 1,3008,Sky-Shrouding Stardevourer Swarm,https://static.nanoka.cc/assets/hsr/monsterfigure/Monster_8025010.webp,Sunday,https://stardb.gg/api/static/StarRailResWebp/icon/character/1313.webp,Mydei,https://stardb.gg/api/static/StarRailResWebp/icon/character/1404.webp,Ruan Mei,https://stardb.gg/api/static/StarRailResWebp/icon/character/1303.webp,Bronya,https://stardb.gg/api/static/StarRailResWebp/icon/character/1101.webp,3676
04/14/2025,3.2,Apocalyptic Shadow 4,Node 2,3008,Fulminating Wolflord,https://static.nanoka.cc/assets/hsr/monsterfigure/Monster_2034010.webp,Robin,https://stardb.gg/api/static/StarRailResWebp/icon/character/1309.webp,Anaxa,https://stardb.gg/api/static/StarRailResWebp/icon/character/1405.webp,RMC,https://stardb.gg/api/static/StarRailResWebp/icon/character/8008.webp,Tingyun,https://stardb.gg/api/static/StarRailResWebp/icon/character/1202.webp,3809
03/31/2025,3.1,Memory of Chaos 12,Node 1,1022,Flame Reaver of the Deepest Dark,https://static.nanoka.cc/assets/hsr/monsterfigure/Monster_4034010.webp,The Herta,https://stardb.gg/api/static/StarRailResWebp/icon/character/1401.webp,Argenti,https://stardb.gg/api/static/StarRailResWebp/icon/character/1302.webp,RMC,https://stardb.gg/api/static/StarRailResWebp/icon/character/8008.webp,Gallagher,https://stardb.gg/api/static/StarRailResWebp/icon/character/1301.webp,2
03/31/2025,3.1,Memory of Chaos 12,Node 2,1022,Stellaron Hunter: Kafka,https://static.nanoka.cc/assets/hsr/monsterfigure/Monster_2004010.webp,Sunday,https://stardb.gg/api/static/StarRailResWebp/icon/character/1313.webp,Mydei,https://stardb.gg/api/static/StarRailResWebp/icon/character/1404.webp,Bronya,https://stardb.gg/api/static/StarRailResWebp/icon/character/1101.webp,Ruan Mei,https://stardb.gg/api/static/StarRailResWebp/icon/character/1303.webp,0
03/17/2025,3.1,Pure Fiction 4,Node 1,2013,Swarm: True Sting,https://static.nanoka.cc/assets/hsr/monsterfigure/Monster_8024010.webp,The Herta,https://stardb.gg/api/static/StarRailResWebp/icon/character/1401.webp,Herta,https://stardb.gg/api/static/StarRailResWebp/icon/character/1013.webp,Aventurine,https://stardb.gg/api/static/StarRailResWebp/icon/character/1304.webp,RMC,https://stardb.gg/api/static/StarRailResWebp/icon/character/8008.webp,40000
03/17/2025,3.1,Pure Fiction 4,Node 2,2013,"Savage God, Mad King, Incarnation of Strife",https://static.nanoka.cc/assets/hsr/monsterfigure/Monster_4014010.webp,Argenti,https://stardb.gg/api/static/StarRailResWebp/icon/character/1302.webp,Sunday,https://stardb.gg/api/static/StarRailResWebp/icon/character/1313.webp,Robin,https://stardb.gg/api/static/StarRailResWebp/icon/character/1309.webp,Huohuo,https://stardb.gg/api/static/StarRailResWebp/icon/character/1217.webp,40000
03/03/2025,3.1,Apocalyptic Shadow 4,Node 1,3007,Daring Diceroller,https://static.nanoka.cc/assets/hsr/monsterfigure/Monster_8034010.webp,Feixiao,https://stardb.gg/api/static/StarRailResWebp/icon/character/1220.webp,Sunday,https://stardb.gg/api/static/StarRailResWebp/icon/character/1313.webp,Robin,https://stardb.gg/api/static/StarRailResWebp/icon/character/1309.webp,HM7,https://stardb.gg/api/static/StarRailResWebp/icon/character/1224.webp,3762
03/03/2025,3.1,Apocalyptic Shadow 4,Node 2,3007,Blaznana Monkey Trick,https://static.nanoka.cc/assets/hsr/monsterfigure/Monster_3004020.webp,The Herta,https://stardb.gg/api/static/StarRailResWebp/icon/character/1401.webp,RMC,https://stardb.gg/api/static/StarRailResWebp/icon/character/8008.webp,Pela,https://stardb.gg/api/static/StarRailResWebp/icon/character/1106.webp,Argenti,https://stardb.gg/api/static/StarRailResWebp/icon/character/1302.webp,3620
02/17/2025,3.0,Memory of Chaos 12,Node 1,1021,Swarm: True Sting,https://static.nanoka.cc/assets/hsr/monsterfigure/Monster_8024010.webp,Feixiao,https://stardb.gg/api/static/StarRailResWebp/icon/character/1220.webp,Sunday,https://stardb.gg/api/static/StarRailResWebp/icon/character/1313.webp,Aventurine,https://stardb.gg/api/static/StarRailResWebp/icon/character/1304.webp,RMC,https://stardb.gg/api/static/StarRailResWebp/icon/character/8008.webp,
02/17/2025,3.0,Memory of Chaos 12,Node 2,1021,"The Giver, Master of Legions, Lance of Fury",https://static.nanoka.cc/assets/hsr/monsterfigure/Monster_4014020.webp,The Herta,https://stardb.gg/api/static/StarRailResWebp/icon/character/1401.webp,RMC,https://stardb.gg/api/static/StarRailResWebp/icon/character/8008.webp,Argenti,https://stardb.gg/api/static/StarRailResWebp/icon/character/1302.webp,Huohuo,https://stardb.gg/api/static/StarRailResWebp/icon/character/1217.webp,
02/03/2025,3.0,Pure Fiction 4,Node 1,2012,Cocolia,https://static.nanoka.cc/assets/hsr/monsterfigure/Monster_1004010.webp,The Herta,https://stardb.gg/api/static/StarRailResWebp/icon/character/1401.webp,Herta,https://stardb.gg/api/static/StarRailResWebp/icon/character/1013.webp,Aventurine,https://stardb.gg/api/static/StarRailResWebp/icon/character/1304.webp,RMC,https://stardb.gg/api/static/StarRailResWebp/icon/character/8008.webp,40000
02/03/2025,3.0,Pure Fiction 4,Node 2,2012,Argenti,https://static.nanoka.cc/assets/hsr/monsterfigure/Monster_3024010.webp,Argenti,https://stardb.gg/api/static/StarRailResWebp/icon/character/1302.webp,Sunday,https://stardb.gg/api/static/StarRailResWebp/icon/character/1313.webp,Robin,https://stardb.gg/api/static/StarRailResWebp/icon/character/1309.webp,Huohuo,https://stardb.gg/api/static/StarRailResWebp/icon/character/1217.webp,40000
01/20/2025,3.0,Apocalyptic Shadow 4,Node 1,3006,Sky-Shrouding Stardevourer Swarm,https://static.nanoka.cc/assets/hsr/monsterfigure/Monster_8025010.webp,The Herta,https://stardb.gg/api/static/StarRailResWebp/icon/character/1401.webp,Argenti,https://stardb.gg/api/static/StarRailResWebp/icon/character/1302.webp,RMC,https://stardb.gg/api/static/StarRailResWebp/icon/character/8008.webp,Sunday,https://stardb.gg/api/static/StarRailResWebp/icon/character/1313.webp,3673
01/20/2025,3.0,Apocalyptic Shadow 4,Node 2,3006,Opportunistic Provocateur,https://static.nanoka.cc/assets/hsr/monsterfigure/Monster_8015020.webp,Feixiao,https://stardb.gg/api/static/StarRailResWebp/icon/character/1220.webp,Aventurine,https://stardb.gg/api/static/StarRailResWebp/icon/character/1304.webp,HM7,https://stardb.gg/api/static/StarRailResWebp/icon/character/1224.webp,Robin,https://stardb.gg/api/static/StarRailResWebp/icon/character/1309.webp,3711
01/06/2025,2.7,Memory of Chaos 12,Node 1,1020,Svarog,https://static.nanoka.cc/assets/hsr/monsterfigure/Monster_1014010.webp,Feixiao,https://stardb.gg/api/static/StarRailResWebp/icon/character/1220.webp,Sunday,https://stardb.gg/api/static/StarRailResWebp/icon/character/1313.webp,Aventurine,https://stardb.gg/api/static/StarRailResWebp/icon/character/1304.webp,Robin,https://stardb.gg/api/static/StarRailResWebp/icon/character/1309.webp,
01/06/2025,2.7,Memory of Chaos 12,Node 2,1020,Swarm: True Sting,https://static.nanoka.cc/assets/hsr/monsterfigure/Monster_8024010.webp,Gallagher,https://stardb.gg/api/static/StarRailResWebp/icon/character/1301.webp,HMC,https://stardb.gg/api/static/StarRailResWebp/icon/character/8006.webp,Ruan Mei,https://stardb.gg/api/static/StarRailResWebp/icon/character/1303.webp,Firefly,https://stardb.gg/api/static/StarRailResWebp/icon/character/1310.webp,
12/23/2024,2.7,Pure Fiction 4,Node 1,2011,Gepard,https://static.nanoka.cc/assets/hsr/monsterfigure/Monster_1004020.webp,Argenti,https://stardb.gg/api/static/StarRailResWebp/icon/character/1302.webp,Tingyun,https://stardb.gg/api/static/StarRailResWebp/icon/character/1202.webp,Sunday,https://stardb.gg/api/static/StarRailResWebp/icon/character/1313.webp,Huohuo,https://stardb.gg/api/static/StarRailResWebp/icon/character/1217.webp,40000
12/23/2024,2.7,Pure Fiction 4,Node 2,2011,Abundant Ebon Deer,https://static.nanoka.cc/assets/hsr/monsterfigure/Monster_2024010.webp,Feixiao,https://stardb.gg/api/static/StarRailResWebp/icon/character/1220.webp,Herta,https://stardb.gg/api/static/StarRailResWebp/icon/character/1013.webp,Aventurine,https://stardb.gg/api/static/StarRailResWebp/icon/character/1304.webp,Robin,https://stardb.gg/api/static/StarRailResWebp/icon/character/1309.webp,40000
12/09/2024,2.7,Apocalyptic Shadow 4,Node 1,3005,Annihilator of Desolation Mistral,https://static.nanoka.cc/assets/hsr/monsterfigure/Monster_1004010.webp,Feixiao,https://stardb.gg/api/static/StarRailResWebp/icon/character/1220.webp,Aventurine,https://stardb.gg/api/static/StarRailResWebp/icon/character/1304.webp,Robin,https://stardb.gg/api/static/StarRailResWebp/icon/character/1309.webp,Sunday,https://stardb.gg/api/static/StarRailResWebp/icon/character/1313.webp,3749
12/09/2024,2.7,Apocalyptic Shadow 4,Node 2,3005,Blaznana Monkey Trick,https://static.nanoka.cc/assets/hsr/monsterfigure/Monster_3004020.webp,Gallagher,https://stardb.gg/api/static/StarRailResWebp/icon/character/1301.webp,HMC,https://stardb.gg/api/static/StarRailResWebp/icon/character/8006.webp,Ruan Mei,https://stardb.gg/api/static/StarRailResWebp/icon/character/1303.webp,Firefly,https://stardb.gg/api/static/StarRailResWebp/icon/character/1310.webp,2926
11/25/2024,2.6,Memory of Chaos 12,Node 1,1019,,,Feixiao,https://stardb.gg/api/static/StarRailResWebp/icon/character/1220.webp,Aventurine,https://stardb.gg/api/static/StarRailResWebp/icon/character/1304.webp,Robin,https://stardb.gg/api/static/StarRailResWebp/icon/character/1309.webp,HM7,https://stardb.gg/api/static/StarRailResWebp/icon/character/1224.webp,
11/25/2024,2.6,Memory of Chaos 12,Node 2,1019,,,Gallagher,https://stardb.gg/api/static/StarRailResWebp/icon/character/1301.webp,HMC,https://stardb.gg/api/static/StarRailResWebp/icon/character/8006.webp,Ruan Mei,https://stardb.gg/api/static/StarRailResWebp/icon/character/1303.webp,Firefly,https://stardb.gg/api/static/StarRailResWebp/icon/character/1310.webp,
11/11/2024,2.6,Pure Fiction 4,Node 1,2010,,,Gallagher,https://stardb.gg/api/static/StarRailResWebp/icon/character/1301.webp,HMC,https://stardb.gg/api/static/StarRailResWebp/icon/character/8006.webp,Ruan Mei,https://stardb.gg/api/static/StarRailResWebp/icon/character/1303.webp,Firefly,https://stardb.gg/api/static/StarRailResWebp/icon/character/1310.webp,22882
11/11/2024,2.6,Pure Fiction 4,Node 2,2010,,,Feixiao,https://stardb.gg/api/static/StarRailResWebp/icon/character/1220.webp,Herta,https://stardb.gg/api/static/StarRailResWebp/icon/character/1013.webp,Robin,https://stardb.gg/api/static/StarRailResWebp/icon/character/1309.webp,Aventurine,https://stardb.gg/api/static/StarRailResWebp/icon/character/1304.webp,40000
10/14/2024,2.5,Memory of Chaos 12,Node 1,1018,,,Gallagher,https://stardb.gg/api/static/StarRailResWebp/icon/character/1301.webp,HMC,https://stardb.gg/api/static/StarRailResWebp/icon/character/8006.webp,Ruan Mei,https://stardb.gg/api/static/StarRailResWebp/icon/character/1303.webp,Firefly,https://stardb.gg/api/static/StarRailResWebp/icon/character/1310.webp,
10/14/2024,2.5,Memory of Chaos 12,Node 2,1018,,,Feixiao,https://stardb.gg/api/static/StarRailResWebp/icon/character/1220.webp,Aventurine,https://stardb.gg/api/static/StarRailResWebp/icon/character/1304.webp,Robin,https://stardb.gg/api/static/StarRailResWebp/icon/character/1309.webp,HM7,https://stardb.gg/api/static/StarRailResWebp/icon/character/1224.webp,
09/04/2024,2.4,Memory of Chaos 12,Node 1,1017,,,Dr. Ratio,https://stardb.gg/api/static/StarRailResWebp/icon/character/1305.webp,Pela,https://stardb.gg/api/static/StarRailResWebp/icon/character/1106.webp,Aventurine,https://stardb.gg/api/static/StarRailResWebp/icon/character/1304.webp,Robin,https://stardb.gg/api/static/StarRailResWebp/icon/character/1309.webp,
09/04/2024,2.4,Memory of Chaos 12,Node 2,1017,,,Gallagher,https://stardb.gg/api/static/StarRailResWebp/icon/character/1301.webp,HMC,https://stardb.gg/api/static/StarRailResWebp/icon/character/8006.webp,Ruan Mei,https://stardb.gg/api/static/StarRailResWebp/icon/character/1303.webp,Firefly,https://stardb.gg/api/static/StarRailResWebp/icon/character/1310.webp,
08/19/2024,2.4,Pure Fiction 4,Node 1,2008,,,Argenti,https://stardb.gg/api/static/StarRailResWebp/icon/character/1302.webp,Tingyun,https://stardb.gg/api/static/StarRailResWebp/icon/character/1202.webp,Ruan Mei,https://stardb.gg/api/static/StarRailResWebp/icon/character/1303.webp,Huohuo,https://stardb.gg/api/static/StarRailResWebp/icon/character/1217.webp,
08/19/2024,2.4,Pure Fiction 4,Node 2,2008,,,Herta,https://stardb.gg/api/static/StarRailResWebp/icon/character/1013.webp,Himeko,https://stardb.gg/api/static/StarRailResWebp/icon/character/1003.webp,Aventurine,https://stardb.gg/api/static/StarRailResWebp/icon/character/1304.webp,Robin,https://stardb.gg/api/static/StarRailResWebp/icon/character/1309.webp,
08/05/2024,2.4,Apocalyptic Shadow 4,Node 1,3002,,,Dr. Ratio,https://stardb.gg/api/static/StarRailResWebp/icon/character/1305.webp,Pela,https://stardb.gg/api/static/StarRailResWebp/icon/character/1106.webp,Aventurine,https://stardb.gg/api/static/StarRailResWebp/icon/character/1304.webp,Robin,https://stardb.gg/api/static/StarRailResWebp/icon/character/1309.webp,
08/05/2024,2.4,Apocalyptic Shadow 4,Node 2,3002,,,Gallagher,https://stardb.gg/api/static/StarRailResWebp/icon/character/1301.webp,HMC,https://stardb.gg/api/static/StarRailResWebp/icon/character/8006.webp,Ruan Mei,https://stardb.gg/api/static/StarRailResWebp/icon/character/1303.webp,Firefly,https://stardb.gg/api/static/StarRailResWebp/icon/character/1310.webp,
07/24/2024,2.3,Memory of Chaos 12,Node 1,1016,,,Firefly,https://stardb.gg/api/static/StarRailResWebp/icon/character/1310.webp,Himeko,https://stardb.gg/api/static/StarRailResWebp/icon/character/1003.webp,HMC,https://stardb.gg/api/static/StarRailResWebp/icon/character/8006.webp,Ruan Mei,https://stardb.gg/api/static/StarRailResWebp/icon/character/1303.webp,
07/24/2024,2.3,Memory of Chaos 12,Node 2,1016,,,Dr. Ratio,https://stardb.gg/api/static/StarRailResWebp/icon/character/1305.webp,Pela,https://stardb.gg/api/static/StarRailResWebp/icon/character/1106.webp,Aventurine,https://stardb.gg/api/static/StarRailResWebp/icon/character/1304.webp,Robin,https://stardb.gg/api/static/StarRailResWebp/icon/character/1309.webp,
07/23/2024,2.3,Apocalyptic Shadow 4,Node 1,3002,,,Firefly,https://stardb.gg/api/static/StarRailResWebp/icon/character/1310.webp,Ruan Mei,https://stardb.gg/api/static/StarRailResWebp/icon/character/1303.webp,HMC,https://stardb.gg/api/static/StarRailResWebp/icon/character/8006.webp,Huohuo,https://stardb.gg/api/static/StarRailResWebp/icon/character/1217.webp,
07/23/2024,2.3,Apocalyptic Shadow 4,Node 2,3002,,,Dr. Ratio,https://stardb.gg/api/static/StarRailResWebp/icon/character/1305.webp,Pela,https://stardb.gg/api/static/StarRailResWebp/icon/character/1106.webp,Aventurine,https://stardb.gg/api/static/StarRailResWebp/icon/character/1304.webp,Robin,https://stardb.gg/api/static/StarRailResWebp/icon/character/1309.webp,
07/17/2024,2.3,Pure Fiction 4,Node 1,2007,,,Argenti,https://stardb.gg/api/static/StarRailResWebp/icon/character/1302.webp,Tingyun,https://stardb.gg/api/static/StarRailResWebp/icon/character/1202.webp,Ruan Mei,https://stardb.gg/api/static/StarRailResWebp/icon/character/1303.webp,Huohuo,https://stardb.gg/api/static/StarRailResWebp/icon/character/1217.webp,
07/17/2024,2.3,Pure Fiction 4,Node 2,2007,,,Herta,https://stardb.gg/api/static/StarRailResWebp/icon/character/1013.webp,Himeko,https://stardb.gg/api/static/StarRailResWebp/icon/character/1003.webp,Aventurine,https://stardb.gg/api/static/StarRailResWebp/icon/character/1304.webp,Robin,https://stardb.gg/api/static/StarRailResWebp/icon/character/1309.webp,
07/03/2024,2.3,Memory of Chaos 12,Node 1,1016,,,Firefly,https://stardb.gg/api/static/StarRailResWebp/icon/character/1310.webp,HMC,https://stardb.gg/api/static/StarRailResWebp/icon/character/8006.webp,Ruan Mei,https://stardb.gg/api/static/StarRailResWebp/icon/character/1303.webp,Huohuo,https://stardb.gg/api/static/StarRailResWebp/icon/character/1217.webp,
07/03/2024,2.3,Memory of Chaos 12,Node 2,1016,,,Dr. Ratio,https://stardb.gg/api/static/StarRailResWebp/icon/character/1305.webp,Pela,https://stardb.gg/api/static/StarRailResWebp/icon/character/1106.webp,Aventurine,https://stardb.gg/api/static/StarRailResWebp/icon/character/1304.webp,Robin,https://stardb.gg/api/static/StarRailResWebp/icon/character/1309.webp,
